<?xml version="1.0" encoding="UTF-8"?>
<addon id="repository.mila" name="Mila Repository" version="1.0.0" provider-name="nevendary">
  <extension point="xbmc.addon.repository">
    <dir>
      <info compressed="false">https://nevendary.github.io/mila/addons.xml</info>
      <checksum>https://nevendary.github.io/mila/addons.xml.md5</checksum>
      <datadir zip="true">https://nevendary.github.io/mila/zips/</datadir>
    </dir>
  </extension>
  <extension point="xbmc.addon.metadata">
    <summary>Mila Repository</summary>
    <description>Repository for Mila Video Addon</description>
    <platform>all</platform>
  </extension>
</addon>
